{"offline_id": "1b08e1787af644808f9ed45d78f314ae", "project_name": "yolov5", "start_time": 1680505132457, "stop_time": 1680505133667, "tags": [], "workspace": null, "resume_strategy": "create", "customer_error_reported": true, "customer_error_message": "Unexpected error detected in the user script: UnicodeDecodeError('charmap', b\"# YOLOv5 \\xf0\\x9f\\x9a\\x80 by Ultralytics, GPL-3.0 license\\n# COCO128 dataset https://www.kaggle.com/ultralytics/coco128 (first 128 images from COCO train2017) by Ultralytics\\n# Example usage: python train.py --data coco128.yaml\\n# parent\\n# \\xe2\\x94\\x9c\\xe2\\x94\\x80\\xe2\\x94\\x80 yolov5\\n# \\xe2\\x94\\x94\\xe2\\x94\\x80\\xe2\\x94\\x80 datasets\\n#     \\xe2\\x94\\x94\\xe2\\x94\\x80\\xe2\\x94\\x80 coco128  \\xe2\\x86\\x90 downloads here (7 MB)\\n\\n\\n# Train/val/test sets as 1) dir: path/to/imgs, 2) file: path/to/imgs.txt, or 3) list: [path/to/imgs1, path/to/imgs2, ..]\\npath: ../datasets/coco128  # dataset root dir\\ntrain: images/train2017  # train images (relative to 'path') 128 images\\nval: images/train2017  # val images (relative to 'path') 128 images\\ntest:  # test images (optional)\\n\\n# Classes\\nnames:\\n  0: person\\n  1: bicycle\\n  2: car\\n  3: motorcycle\\n  4: airplane\\n  5: bus\\n  6: train\\n  7: truck\\n  8: boat\\n  9: traffic light\\n  10: fire hydrant\\n  11: stop sign\\n  12: parking meter\\n  13: bench\\n  14: bird\\n  15: cat\\n  16: dog\\n  17: horse\\n  18: sheep\\n  19: cow\\n  20: elephant\\n  21: bear\\n  22: zebra\\n  23: giraffe\\n  24: backpack\\n  25: umbrella\\n  26: handbag\\n  27: tie\\n  28: suitcase\\n  29: frisbee\\n  30: skis\\n  31: snowboard\\n  32: sports ball\\n  33: kite\\n  34: baseball bat\\n  35: baseball glove\\n  36: skateboard\\n  37: surfboard\\n  38: tennis racket\\n  39: bottle\\n  40: wine glass\\n  41: cup\\n  42: fork\\n  43: knife\\n  44: spoon\\n  45: bowl\\n  46: banana\\n  47: apple\\n  48: sandwich\\n  49: orange\\n  50: broccoli\\n  51: carrot\\n  52: hot dog\\n  53: pizza\\n  54: donut\\n  55: cake\\n  56: chair\\n  57: couch\\n  58: potted plant\\n  59: bed\\n  60: dining table\\n  61: toilet\\n  62: tv\\n  63: laptop\\n  64: mouse\\n  65: remote\\n  66: keyboard\\n  67: cell phone\\n  68: microwave\\n  69: oven\\n  70: toaster\\n  71: sink\\n  72: refrigerator\\n  73: book\\n  74: clock\\n  75: vase\\n  76: scissors\\n  77: teddy bear\\n  78: hair drier\\n  79: toothbrush\\n\\n\\n# Download script/URL (optional)\\ndownload: https://ultralytics.com/assets/coco128.zip\\n\", 290, 291, 'character maps to <undefined>')"}