{"payload":{"installed_packages":["absl-py==1.3.0","aiohttp==3.8.4","aiosignal==1.3.1","altgraph==0.17.3","appdirs==1.4.4","arrow==1.2.3","asciitree==0.3.3","asgiref==3.5.2","astroid==2.12.5","asttokens==2.2.1","astunparse==1.6.3","async-timeout==4.0.2","attrs==22.2.0","auto-py-to-exe==2.26.0","automat==22.10.0","backcall==0.2.0","bidsschematools==0.6.0","bitstring==3.1.9","boto3==1.24.96","botocore==1.27.96","bottle-websocket==0.2.9","bottle==0.12.23","bqplot==0.12.37","cachecontrol==0.12.11","cachetools==5.2.0","certifi==2022.9.24","cffi==1.15.1","charset-normalizer==2.1.1","ci-info==0.3.0","clearml==1.10.1","click-didyoumean==0.3.0","click==8.1.3","colorama==0.4.5","comet-ml==3.32.6","comet==3.1.0","comm==0.1.3","configobj==5.0.8","constantly==15.1.0","contourpy==1.0.6","cryptography==38.0.4","cvzone==1.3.3","cycler==0.11.0","dandi==0.51.0","dandischema==0.8.2","debugpy==1.6.6","decorator==5.1.1","dill==0.3.5.1","distlib==0.3.6","django==4.1.1","dnspython==2.3.0","dulwich==0.21.3","ecdsa==0.18.0","eel==0.14.0","email-validator==1.3.1","entrypoints==0.4","esptool==4.4","etelemetry==0.3.0","everett==3.1.0","executing==1.2.0","fasteners==0.18","filelock==3.8.0","fire==0.5.0","firebase-admin==6.0.1","firebase==3.0.1","flask==2.2.2","flatbuffers==22.11.23","fonttools==4.38.0","fqdn==1.5.1","frozenlist==1.3.3","fscacher==0.3.0","fsspec==2023.3.0","furl==2.1.3","future==0.18.2","gast==0.4.0","gevent-websocket==0.10.1","gevent==22.10.2","gitdb==4.0.10","gitpython==3.1.31","google-api-core==2.11.0","google-api-python-client==2.69.0","google-auth-httplib2==0.1.0","google-auth-oauthlib==1.0.0","google-auth==2.17.1","google-cloud-core==2.3.2","google-cloud-firestore==2.7.3","google-cloud-storage==2.7.0","google-crc32c==1.5.0","google-pasta==0.2.0","google-resumable-media==2.4.0","googleapis-common-protos==1.57.0","greenlet==2.0.1","grpcio-status==1.51.1","grpcio==1.51.1","gtts==2.2.4","h5py==3.8.0","hdmf==3.5.2","httplib2==0.21.0","huggingface-hub==0.13.2","humanize==4.6.0","hyperlink==21.0.0","idna==3.4","imageio==2.27.0","importlib-metadata==4.13.0","incremental==22.10.0","interleave==0.2.1","ipydatagrid==1.1.15","ipydatawidgets==4.3.2","ipykernel==6.22.0","ipympl==0.9.3","ipython-genutils==0.2.0","ipython==8.11.0","ipyvolume==0.6.1","ipyvue==1.9.0","ipyvuetify==1.8.5","ipywebrtc==0.6.0","ipywidgets==8.0.6","isodate==0.6.1","isoduration==20.11.0","isort==5.10.1","itsdangerous==2.1.2","jaraco.classes==3.2.3","jax==0.4.8","jedi==0.18.2","jinja2==3.1.2","jmespath==1.0.1","joblib==1.2.0","jsonpointer==2.3","jsonschema==4.17.3","jupyter-client==8.1.0","jupyter-core==5.3.0","jupyterlab-widgets==3.0.7","keras-applications==1.0.8","keras-preprocessing==1.1.2","keras==2.12.0","keyring==23.13.1","keyrings.alt==4.2.0","kiwisolver==1.4.4","lazy-loader==0.2","lazy-object-proxy==1.7.1","libclang==14.0.6","lxml==4.9.2","markdown==3.4.1","markupsafe==2.1.1","matplotlib-inline==0.1.6","matplotlib==3.6.2","mccabe==0.7.0","ml-dtypes==0.0.4","more-itertools==9.1.0","mpmath==1.3.0","msgpack==1.0.4","multidict==6.0.4","natsort==8.3.1","ndx-grayscalevolume==0.0.2","ndx-icephys-meta==0.1.0","ndx-spectrum==0.2.2","nest-asyncio==1.5.6","networkx==3.0","numcodecs==0.11.0","numpy==1.23.4","nwbinspector==0.4.27","nwbwidgets==0.10.2","oauthlib==3.2.2","opencv-contrib-python==4.6.0.66","opencv-python==4.6.0.66","opt-einsum==3.3.0","orderedmultidict==1.0.1","package-name==0.1","packaging==21.3","pandas==1.5.2","parso==0.8.3","pathlib2==2.3.7.post1","pefile==2022.5.30","pickleshare==0.7.5","pillow==9.3.0","pip==23.0.1","pipenv==2022.1.8","platformdirs==2.5.2","plotly==5.14.0","prompt-toolkit==3.0.38","proto-plus==1.22.1","protobuf==4.22.1","psutil==5.9.4","pure-eval==0.2.2","py2vega==0.6.1","pyasn1-modules==0.2.8","pyasn1==0.4.8","pybboxes==0.1.6","pycparser==2.21","pycryptodomex==3.17","pydantic==1.10.7","pygments==2.14.0","pyinstaller-hooks-contrib==2022.13","pyinstaller==5.6.2","pyjwt==2.4.0","pylint==2.15.0","pynwb==2.3.1","pyout==0.7.3","pyparsing==3.0.9","pyrsistent==0.19.3","pyserial==3.5","python-box==6.1.0","python-dateutil==2.8.2","python-version==0.0.2","pythreejs==2.4.2","pytz==2022.6","pywavelets==1.4.1","pywin32-ctypes==0.2.0","pywin32==306","pyyaml==6.0","pyzmq==25.0.2","reedsolo==1.5.4","requests-oauthlib==1.3.1","requests-toolbelt==0.10.1","requests==2.28.1","rfc3339-validator==0.1.4","rfc3987==1.3.8","rsa==4.9","ruamel.yaml.clib==0.2.7","ruamel.yaml==0.17.21","s3transfer==0.6.0","sahi==0.11.12","scikit-image==0.20.0","scikit-learn==1.2.0","scipy==1.10.0","seaborn==0.12.2","semantic-version==2.10.0","sentry-sdk==1.18.0","setuptools==67.6.0","shapely==2.0.1","simplejson==3.18.4","six==1.16.0","smmap==5.0.0","sqlparse==0.4.2","stack-data==0.6.2","sympy==1.11.1","tenacity==8.2.2","tensorboard-data-server==0.7.0","tensorboard-plugin-wit==1.8.1","tensorboard==2.12.1","tensorflow-cpu==2.12.0","tensorflow-estimator==2.12.0","tensorflow-gpu==2.10.1","tensorflow-intel==2.12.0","tensorflow-io-gcs-filesystem==0.28.0","tensorflow==2.11.0","termcolor==2.1.1","terminaltables==3.1.10","thop==0.1.1.post2209072238","threadpoolctl==3.1.0","tifffile==2023.3.21","tomli==2.0.1","tomlkit==0.11.4","torch==2.0.0","torchaudio==2.0.1","torchvision==0.15.1","tornado==6.2","tqdm==4.65.0","traitlets==5.9.0","traittypes==0.2.1","trimesh==3.21.3","twisted-iocpsupport==1.0.3","twisted==22.10.0","typing-extensions==4.4.0","tzdata==2022.2","uri-template==1.2.0","uritemplate==4.1.1","urllib3==1.26.12","virtualenv-clone==0.5.7","virtualenv==20.16.5","wcwidth==0.2.6","webcolors==1.13","websocket-client==1.3.3","werkzeug==2.2.2","wheel==0.38.4","whichcraft==0.6.1","widgetsnbextension==4.0.7","wrapt==1.14.1","wurlitzer==3.0.3","yarl==1.8.2","yolov5==7.0.9","zarr-checksum==0.2.8","zarr==2.14.2","zipp==3.15.0","zope.event==4.5.0","zope.interface==5.5.2"],"local_timestamp":1680505132460},"type":"ws_msg"}
{"payload":{"env_details":{"command":["train.py","--data","coco128.yaml","--weights","yolov5s.pt","--img","640"],"env":null,"hostname":"Rikkardo","ip":"192.168.1.28","machine":"AMD64","os":"Windows-10-10.0.22624-SP0","os_release":"10","os_type":"Windows","pid":11108,"processor":"AMD64 Family 23 Model 104 Stepping 1, AuthenticAMD","python_exe":"C:\\Users\\Rikkardo\\AppData\\Local\\Programs\\Python\\Python310\\python.exe","python_version":"3.10.6","python_version_verbose":"3.10.6 (tags/v3.10.6:9c7b4bd, Aug  1 2022, 21:53:49) [MSC v.1932 64 bit (AMD64)]","user":"Rikkardo"},"local_timestamp":1680505132485},"type":"ws_msg"}
{"payload":{"local_timestamp":1680505132663,"param":{"paramName":"data","paramValue":"coco128.yaml","source":"cli","step":null}},"type":"parameter_msg"}
{"payload":{"local_timestamp":1680505132663,"param":{"paramName":"weights","paramValue":"yolov5s.pt","source":"cli","step":null}},"type":"parameter_msg"}
{"payload":{"local_timestamp":1680505132663,"param":{"paramName":"img","paramValue":640,"source":"cli","step":null}},"type":"parameter_msg"}
{"payload":{"local_timestamp":1680505132664,"metric":{"epoch":null,"metricName":"sys.cpu.percent.avg","metricValue":6.987499999999999,"step":null}},"type":"metric_msg"}
{"payload":{"local_timestamp":1680505132664,"metric":{"epoch":null,"metricName":"sys.cpu.percent.01","metricValue":4.2,"step":null}},"type":"metric_msg"}
{"payload":{"local_timestamp":1680505132664,"metric":{"epoch":null,"metricName":"sys.cpu.percent.02","metricValue":1.0,"step":null}},"type":"metric_msg"}
{"payload":{"local_timestamp":1680505132665,"metric":{"epoch":null,"metricName":"sys.cpu.percent.03","metricValue":16.7,"step":null}},"type":"metric_msg"}
{"payload":{"local_timestamp":1680505132665,"metric":{"epoch":null,"metricName":"sys.cpu.percent.04","metricValue":3.0,"step":null}},"type":"metric_msg"}
{"payload":{"local_timestamp":1680505132665,"metric":{"epoch":null,"metricName":"sys.cpu.percent.05","metricValue":5.2,"step":null}},"type":"metric_msg"}
{"payload":{"local_timestamp":1680505132665,"metric":{"epoch":null,"metricName":"sys.cpu.percent.06","metricValue":6.0,"step":null}},"type":"metric_msg"}
{"payload":{"local_timestamp":1680505132665,"metric":{"epoch":null,"metricName":"sys.cpu.percent.07","metricValue":3.8,"step":null}},"type":"metric_msg"}
{"payload":{"local_timestamp":1680505132665,"metric":{"epoch":null,"metricName":"sys.cpu.percent.08","metricValue":16.0,"step":null}},"type":"metric_msg"}
{"payload":{"local_timestamp":1680505132665,"metric":{"epoch":null,"metricName":"sys.load.avg","metricValue":0.0,"step":null}},"type":"metric_msg"}
{"payload":{"local_timestamp":1680505132665,"metric":{"epoch":null,"metricName":"sys.ram.total","metricValue":6280699904,"step":null}},"type":"metric_msg"}
{"payload":{"local_timestamp":1680505132665,"metric":{"epoch":null,"metricName":"sys.ram.used","metricValue":5012897792,"step":null}},"type":"metric_msg"}
{"payload":{"local_timestamp":1680505132680,"log_other":{"key":"offline_experiment","val":true}},"type":"ws_msg"}
{"payload":{"local_timestamp":1680505132695,"stderr":true,"stdout":"Traceback (most recent call last):\n"},"type":"ws_msg"}
{"payload":{"local_timestamp":1680505132696,"stderr":true,"stdout":"  File \"C:\\Users\\Rikkardo\\Downloads\\Compressed\\yolov5-master\\yolov5-master\\train.py\", line 640, in <module>\n"},"type":"ws_msg"}
{"payload":{"local_timestamp":1680505132696,"stderr":true,"stdout":"    "},"type":"ws_msg"}
{"payload":{"local_timestamp":1680505132698,"stderr":true,"stdout":"main(opt)"},"type":"ws_msg"}
{"payload":{"local_timestamp":1680505132698,"stderr":true,"stdout":"\n"},"type":"ws_msg"}
{"payload":{"local_timestamp":1680505132699,"stderr":true,"stdout":"  File \"C:\\Users\\Rikkardo\\Downloads\\Compressed\\yolov5-master\\yolov5-master\\train.py\", line 529, in main\n"},"type":"ws_msg"}
{"payload":{"local_timestamp":1680505132700,"stderr":true,"stdout":"    "},"type":"ws_msg"}
{"payload":{"local_timestamp":1680505132700,"stderr":true,"stdout":"train(opt.hyp, opt, device, callbacks)"},"type":"ws_msg"}
{"payload":{"local_timestamp":1680505132700,"stderr":true,"stdout":"\n"},"type":"ws_msg"}
{"payload":{"local_timestamp":1680505132700,"stderr":true,"stdout":"  File \"C:\\Users\\Rikkardo\\Downloads\\Compressed\\yolov5-master\\yolov5-master\\train.py\", line 96, in train\n"},"type":"ws_msg"}
{"payload":{"local_timestamp":1680505132701,"stderr":true,"stdout":"    "},"type":"ws_msg"}
{"payload":{"local_timestamp":1680505132701,"stderr":true,"stdout":"loggers = Loggers(save_dir, weights, opt, hyp, LOGGER)  # loggers instance"},"type":"ws_msg"}
{"payload":{"local_timestamp":1680505132703,"stderr":true,"stdout":"\n"},"type":"ws_msg"}
{"payload":{"local_timestamp":1680505132703,"stderr":true,"stdout":"  File \"C:\\Users\\Rikkardo\\Downloads\\Compressed\\yolov5-master\\yolov5-master\\utils\\loggers\\__init__.py\", line 129, in __init__\n"},"type":"ws_msg"}
{"payload":{"local_timestamp":1680505132706,"stderr":true,"stdout":"    "},"type":"ws_msg"}
{"payload":{"local_timestamp":1680505132707,"stderr":true,"stdout":"self.comet_logger = CometLogger(self.opt, self.hyp)"},"type":"ws_msg"}
{"payload":{"local_timestamp":1680505132707,"stderr":true,"stdout":"\n"},"type":"ws_msg"}
{"payload":{"local_timestamp":1680505132707,"stderr":true,"stdout":"  File \"C:\\Users\\Rikkardo\\Downloads\\Compressed\\yolov5-master\\yolov5-master\\utils\\loggers\\comet\\__init__.py\", line 97, in __init__\n"},"type":"ws_msg"}
{"payload":{"local_timestamp":1680505132708,"stderr":true,"stdout":"    "},"type":"ws_msg"}
{"payload":{"local_timestamp":1680505132708,"stderr":true,"stdout":"self.data_dict = self.check_dataset(self.opt.data)"},"type":"ws_msg"}
{"payload":{"local_timestamp":1680505132708,"stderr":true,"stdout":"\n"},"type":"ws_msg"}
{"payload":{"local_timestamp":1680505132710,"stderr":true,"stdout":"  File \"C:\\Users\\Rikkardo\\Downloads\\Compressed\\yolov5-master\\yolov5-master\\utils\\loggers\\comet\\__init__.py\", line 232, in check_dataset\n"},"type":"ws_msg"}
{"payload":{"local_timestamp":1680505132710,"stderr":true,"stdout":"    "},"type":"ws_msg"}
{"payload":{"local_timestamp":1680505132710,"stderr":true,"stdout":"data_config = yaml.safe_load(f)"},"type":"ws_msg"}
{"payload":{"local_timestamp":1680505132711,"stderr":true,"stdout":"\n"},"type":"ws_msg"}
{"payload":{"local_timestamp":1680505132712,"stderr":true,"stdout":"  File \"C:\\Users\\Rikkardo\\AppData\\Local\\Programs\\Python\\Python310\\lib\\site-packages\\yaml\\__init__.py\", line 125, in safe_load\n"},"type":"ws_msg"}
{"payload":{"local_timestamp":1680505132720,"stderr":true,"stdout":"    "},"type":"ws_msg"}
{"payload":{"local_timestamp":1680505132721,"stderr":true,"stdout":"return load(stream, SafeLoader)"},"type":"ws_msg"}
{"payload":{"local_timestamp":1680505132721,"stderr":true,"stdout":"\n"},"type":"ws_msg"}
{"payload":{"local_timestamp":1680505132722,"stderr":true,"stdout":"  File \"C:\\Users\\Rikkardo\\AppData\\Local\\Programs\\Python\\Python310\\lib\\site-packages\\yaml\\__init__.py\", line 79, in load\n"},"type":"ws_msg"}
{"payload":{"local_timestamp":1680505132722,"stderr":true,"stdout":"    "},"type":"ws_msg"}
{"payload":{"local_timestamp":1680505132723,"stderr":true,"stdout":"loader = Loader(stream)"},"type":"ws_msg"}
{"payload":{"local_timestamp":1680505132723,"stderr":true,"stdout":"\n"},"type":"ws_msg"}
{"payload":{"local_timestamp":1680505132724,"stderr":true,"stdout":"  File \"C:\\Users\\Rikkardo\\AppData\\Local\\Programs\\Python\\Python310\\lib\\site-packages\\yaml\\loader.py\", line 34, in __init__\n"},"type":"ws_msg"}
{"payload":{"local_timestamp":1680505132731,"stderr":true,"stdout":"    "},"type":"ws_msg"}
{"payload":{"local_timestamp":1680505132731,"stderr":true,"stdout":"Reader.__init__(self, stream)"},"type":"ws_msg"}
{"payload":{"local_timestamp":1680505132731,"stderr":true,"stdout":"\n"},"type":"ws_msg"}
{"payload":{"local_timestamp":1680505132731,"stderr":true,"stdout":"  File \"C:\\Users\\Rikkardo\\AppData\\Local\\Programs\\Python\\Python310\\lib\\site-packages\\yaml\\reader.py\", line 85, in __init__\n"},"type":"ws_msg"}
{"payload":{"local_timestamp":1680505132741,"stderr":true,"stdout":"    "},"type":"ws_msg"}
{"payload":{"local_timestamp":1680505132741,"stderr":true,"stdout":"self.determine_encoding()"},"type":"ws_msg"}
{"payload":{"local_timestamp":1680505132741,"stderr":true,"stdout":"\n"},"type":"ws_msg"}
{"payload":{"local_timestamp":1680505132741,"stderr":true,"stdout":"  File \"C:\\Users\\Rikkardo\\AppData\\Local\\Programs\\Python\\Python310\\lib\\site-packages\\yaml\\reader.py\", line 124, in determine_encoding\n"},"type":"ws_msg"}
{"payload":{"local_timestamp":1680505132742,"stderr":true,"stdout":"    "},"type":"ws_msg"}
{"payload":{"local_timestamp":1680505132742,"stderr":true,"stdout":"self.update_raw()"},"type":"ws_msg"}
{"payload":{"local_timestamp":1680505132742,"stderr":true,"stdout":"\n"},"type":"ws_msg"}
{"payload":{"local_timestamp":1680505132743,"stderr":true,"stdout":"  File \"C:\\Users\\Rikkardo\\AppData\\Local\\Programs\\Python\\Python310\\lib\\site-packages\\yaml\\reader.py\", line 178, in update_raw\n"},"type":"ws_msg"}
{"payload":{"local_timestamp":1680505132743,"stderr":true,"stdout":"COMET INFO: Couldn't find a Git repository in 'C:\\\\Users\\\\Rikkardo\\\\Downloads\\\\Compressed\\\\yolov5-master\\\\yolov5-master' nor in any parent directory. You can override where Comet is looking for a Git Patch by setting the configuration `COMET_GIT_DIRECTORY`\n"},"type":"ws_msg"}
{"payload":{"local_timestamp":1680505132744,"stderr":true,"stdout":"    "},"type":"ws_msg"}
{"payload":{"local_timestamp":1680505132744,"stderr":true,"stdout":"data = self.stream.read(size)"},"type":"ws_msg"}
{"payload":{"local_timestamp":1680505132744,"stderr":true,"stdout":"\n"},"type":"ws_msg"}
{"payload":{"local_timestamp":1680505132744,"stderr":true,"stdout":"  File \"C:\\Users\\Rikkardo\\AppData\\Local\\Programs\\Python\\Python310\\lib\\encodings\\cp1252.py\", line 23, in decode\n"},"type":"ws_msg"}
{"payload":{"local_timestamp":1680505132757,"stderr":true,"stdout":"    "},"type":"ws_msg"}
{"payload":{"local_timestamp":1680505132757,"stderr":true,"stdout":"return codecs.charmap_decode(input,self.errors,decoding_table)[0]"},"type":"ws_msg"}
{"payload":{"local_timestamp":1680505132758,"stderr":true,"stdout":"\n"},"type":"ws_msg"}
{"payload":{"local_timestamp":1680505132758,"stderr":true,"stdout":"UnicodeDecodeError"},"type":"ws_msg"}
{"payload":{"local_timestamp":1680505132758,"stderr":true,"stdout":": "},"type":"ws_msg"}
{"payload":{"local_timestamp":1680505132758,"stderr":true,"stdout":"'charmap' codec can't decode byte 0x90 in position 290: character maps to <undefined>"},"type":"ws_msg"}
{"payload":{"local_timestamp":1680505132758,"stderr":true,"stdout":"\n"},"type":"ws_msg"}
{"payload":{"local_timestamp":1680505132759,"stderr":true,"stdout":"COMET INFO: ---------------------------------------------------------------------------------------\n"},"type":"ws_msg"}
{"payload":{"local_timestamp":1680505132759,"stderr":true,"stdout":"COMET INFO: Comet.ml OfflineExperiment Summary\n"},"type":"ws_msg"}
{"payload":{"local_timestamp":1680505132759,"stderr":true,"stdout":"COMET INFO: ---------------------------------------------------------------------------------------\n"},"type":"ws_msg"}
{"payload":{"local_timestamp":1680505132760,"stderr":true,"stdout":"COMET INFO:   Data:\n"},"type":"ws_msg"}
{"payload":{"local_timestamp":1680505132760,"stderr":true,"stdout":"COMET INFO:     display_summary_level : 1\n"},"type":"ws_msg"}
{"payload":{"local_timestamp":1680505132760,"stderr":true,"stdout":"COMET INFO:     url                   : [OfflineExperiment will get URL after upload]\n"},"type":"ws_msg"}
{"payload":{"local_timestamp":1680505132761,"stderr":true,"stdout":"COMET INFO:   Others:\n"},"type":"ws_msg"}
{"payload":{"local_timestamp":1680505132761,"stderr":true,"stdout":"COMET INFO:     offline_experiment : True\n"},"type":"ws_msg"}
{"payload":{"local_timestamp":1680505132761,"stderr":true,"stdout":"COMET INFO:   Uploads:\n"},"type":"ws_msg"}
{"payload":{"local_timestamp":1680505132762,"stderr":true,"stdout":"COMET INFO:     environment details : 1\n"},"type":"ws_msg"}
{"payload":{"local_timestamp":1680505132762,"stderr":true,"stdout":"COMET INFO:     installed packages  : 1\n"},"type":"ws_msg"}
{"payload":{"local_timestamp":1680505132762,"stderr":true,"stdout":"COMET INFO: \n"},"type":"ws_msg"}
{"payload":{"local_timestamp":1680505132762,"stderr":true,"stdout":"COMET WARNING: Experiment Name is generated at upload time for Offline Experiments unless set explicitly with Experiment.set_name\n"},"type":"ws_msg"}
{"payload":{"local_timestamp":1680505132763,"stderr":true,"stdout":"COMET WARNING: Comet has disabled auto-logging functionality as it has been imported after the following ML modules: torch, tensorflow, tensorboard, keras. Metrics and hyperparameters can still be logged using Experiment.log_metrics() and Experiment.log_parameters()\n"},"type":"ws_msg"}
{"payload":{"local_timestamp":1680505132763,"log_other":{"key":"sys.already_imported_modules","val":"[\"torch\", \"tensorflow\", \"tensorboard\", \"keras\"]"}},"type":"ws_msg"}
